Book,Lesson,Sheet,Name
1,1,1,Common Vocab
1,1,2,Proper Nouns
1,2,1,Common Vocab
1,2,2,Proper Nouns
1,3,1,Common Vocab
1,4,1,Common Vocab
1,5,1,Common Vocab
1,6,1,Common Vocab
1,6,2,Proper Nouns
1,7,1,Common Vocab
1,7,2,Proper Nouns
1,8,1,Common Vocab
1,8,2,Proper Nouns
1,9,1,Common Vocab
1,9,2,Proper Nouns
1,10,1,Common Vocab
1,10,2,Proper Nouns
2,1,1,Common Vocab
2,1,2,Proper Nouns or Place Words
2,1,3,In an Office
2,1,4,In a Restaurant
2,1,5,Food
2,1,6,Useful Expressions
2,2,1,Common Vocab
2,2,2,Proper Nouns Place Words
2,2,3,In Property Agency
2,2,4,Charges Bill Fees
2,2,5,Furniture and Electrical
2,2,6,Foods and Goods
2,2,7,Useful Expressions
2,3,1,Common Vocab
2,3,2,Proper Nouns or Place Words
2,3,3,Body Parts and Medical Conditio
2,3,4,Articles for use and facilities
2,3,5,Sports and Recreation
2,3,6,Useful Expressions
2,4,1,Common Vocab
2,4,2,Proper nouns and place words
2,4,3,About movie and movie story
2,4,4,Going from one place to another
2,4,5,Useful Expressions
2,5,1,Common Vocab
2,5,2,"Countries, Cities, and Places"
2,5,3,People
2,5,4,Useful Expressions
2,6,1,Common Vocab
2,6,2,Proper Nouns or Place Words
2,6,3,Job and Clothing
2,6,4,Body Parts and Medical Conditio
2,6,5,Other Vocabularies
2,6,6,Useful Expressions
2,7,1,Common Vocab
2,7,2,"Proper Nouns, place words and p"
2,7,3,Food and Items
2,7,4,Other Vocabularies
2,7,5,Useful Expressions
2,8,1,Common Vocab
2,8,2,"People, Proper Nouns or Place W"
2,8,3,In an Airport
2,8,4,In a Hair Salon
2,8,5,Marriage
2,8,6,Weather
2,8,7,Other Vocabularies
2,8,8,Useful Expressions
2,9,1,Common Vocab
2,9,2,About Mobile Phone
2,9,3,Clothing
2,9,4,About Vacuum Cleaner
2,9,5,In a Kitchen
2,9,6,Other Vocabularies
2,9,7,Useful Expressions
2,10,1,Common Vocab
2,10,2,"Proper nouns, event, people, fo"
2,10,3,Expressions related to computer
2,10,4,Useful Expressions
3,1,1,Common Vocab
3,1,2,"Proper Nouns, People and Place "
3,1,3,About Tourism and Economy
3,1,4,About Hobbies
3,1,5,Additional Vocab
3,2,1,Common Vocab
3,2,2,Proper nouns and place words
3,2,3,Food
3,2,4,About the life at sea
3,2,5,Additional Vocab
3,3,1,Common Vocab
3,3,2,Proper noun and place name
3,3,3,Type of Books
3,3,4,Additional Vocab
3,4,1,Common Vocab
3,4,2,About Smoking and Smoking Ban
3,4,3,About Medical Issues and Physic
3,4,4,Other Vocabularies
3,4,5,Useful Expressions
3,4,6,Additional Vocab
3,5,1,Common Vocab
3,5,2,Proper Nouns
3,5,3,About Education
3,5,4,Other Vocabularies
3,5,5,Useful Expressions
3,5,6,Additional Vocab
3,6,1,Common Vocab
3,6,2,Place Words
3,6,3,About Gambling
3,6,4,About the Government and Social
3,6,5,Other Vocabularies
3,6,6,Useful Expressions
3,6,7,Additional Vocab
3,7,1,Common Vocab
3,7,2,Place Names
3,7,3,Sports Events
3,7,4,About Transport and Network
3,7,5,Other Vocabularies
3,7,6,Useful Expressions
3,7,7,Additional Vocab
3,8,1,Common Vocab
3,8,2,Place Names
3,8,3,About Religions and Festivals
3,8,4,Additional Vocab
3,9,1,Common Vocabulary
3,9,2,Proper Nouns
3,9,3,About Family and Marriage
3,9,4,Other Vocabularies
3,9,5,Useful Expressions
3,9,6,Additional Vocab
3,10,1,Common Vocab
3,10,2,Proper Nouns
3,10,3,People
3,10,4,Useful Expressions
3,10,5,Additional Vocab
